<?xml version="1.0" encoding="utf-8" standalone="yes" ?>
<rss version="2.0" xmlns:atom="http://www.w3.org/2005/Atom">
  <channel>
    <title>Authors | MedTech-RUG</title>
    <link>http://localhost:1313/authors/</link>
      <atom:link href="http://localhost:1313/authors/index.xml" rel="self" type="application/rss+xml" />
    <description>Authors</description>
    <generator>Hugo Blox Builder (https://hugoblox.com)</generator><language>en-us</language><lastBuildDate>Sun, 07 Apr 2019 00:00:00 +0000</lastBuildDate>
    <image>
      <url>http://localhost:1313/media/icon_hu_7613a4a452ac7087.png</url>
      <title>Authors</title>
      <link>http://localhost:1313/authors/</link>
    </image>
    
  </channel>
</rss>
