<?xml version="1.0" encoding="utf-8" standalone="yes" ?>
<rss version="2.0" xmlns:atom="http://www.w3.org/2005/Atom">
  <channel>
    <title>Alice Wu 吳恩達 | MedTech-RUG</title>
    <link>http://localhost:1313/author/alice-wu-%E5%90%B3%E6%81%A9%E9%81%94/</link>
      <atom:link href="http://localhost:1313/author/alice-wu-%E5%90%B3%E6%81%A9%E9%81%94/index.xml" rel="self" type="application/rss+xml" />
    <description>Alice Wu 吳恩達</description>
    <generator>Hugo Blox Builder (https://hugoblox.com)</generator><language>en-us</language>
    <image>
      <url>http://localhost:1313/author/alice-wu-%E5%90%B3%E6%81%A9%E9%81%94/avatar_hu_2af60430eb74e557.jpg</url>
      <title>Alice Wu 吳恩達</title>
      <link>http://localhost:1313/author/alice-wu-%E5%90%B3%E6%81%A9%E9%81%94/</link>
    </image>
    
    <item>
      <title>Alice Wu 吳恩達</title>
      <link>http://localhost:1313/author/alice-wu-%E5%90%B3%E6%81%A9%E9%81%94/</link>
      <pubDate>Mon, 01 Jan 0001 00:00:00 +0000</pubDate>
      <guid>http://localhost:1313/author/alice-wu-%E5%90%B3%E6%81%A9%E9%81%94/</guid>
      <description>&lt;p&gt;吳恩達 is a professor of artificial intelligence at the Stanford AI Lab. His research interests include distributed robotics, mobile computing and programmable matter. He leads the Robotic Neurobiology group, which develops self-reconfiguring robots, systems of self-organizing robots, and mobile sensor networks.&lt;/p&gt;
&lt;p&gt;Lorem ipsum dolor sit amet, consectetur adipiscing elit. Sed neque elit, tristique placerat feugiat ac, facilisis vitae arcu. Proin eget egestas augue. Praesent ut sem nec arcu pellentesque aliquet. Duis dapibus diam vel metus tempus vulputate.&lt;/p&gt;
</description>
    </item>
    
  </channel>
</rss>
