
    
    
    
    
    
    
    
    
    
    
    [{"authors":null,"categories":null,"content":"Nelson Bighetti is a professor of artificial intelligence at the Stanford AI Lab. His research interests include distributed robotics, mobile computing and programmable matter. He leads the Robotic Neurobiology group, which develops self-reconfiguring robots, systems of self-organizing robots, and mobile sensor networks.\nLorem ipsum dolor sit amet, consectetur adipiscing elit. Sed neque elit, tristique placerat feugiat ac, facilisis vitae arcu. Proin eget egestas augue. Praesent ut sem nec arcu pellentesque aliquet. Duis dapibus diam vel metus tempus vulputate.\n","date":1554595200,"expirydate":-62135596800,"kind":"term","lang":"en","lastmod":1554595200,"objectID":"2525497d367e79493fd32b198b28f040","permalink":"http://localhost:1313/author/nelson-bighetti/","publishdate":"2017-01-01T00:00:00Z","relpermalink":"/author/nelson-bighetti/","section":"authors","summary":"Nelson Bighetti is a professor of artificial intelligence at the Stanford AI Lab. His research interests include distributed robotics, mobile computing and programmable matter. He leads the Robotic Neurobiology group, which develops self-reconfiguring robots, systems of self-organizing robots, and mobile sensor networks.\n","tags":null,"title":"Nelson Bighetti","type":"authors"},{"authors":["吳恩達"],"categories":null,"content":"吳恩達 is a professor of artificial intelligence at the Stanford AI Lab. His research interests include distributed robotics, mobile computing and programmable matter. He leads the Robotic Neurobiology group, which develops self-reconfiguring robots, systems of self-organizing robots, and mobile sensor networks.\nLorem ipsum dolor sit amet, consectetur adipiscing elit. Sed neque elit, tristique placerat feugiat ac, facilisis vitae arcu. Proin eget egestas augue. Praesent ut sem nec arcu pellentesque aliquet. Duis dapibus diam vel metus tempus vulputate.\n","date":-62135596800,"expirydate":-62135596800,"kind":"term","lang":"en","lastmod":-62135596800,"objectID":"da99cb196019cc5857b9b3e950397ca9","permalink":"http://localhost:1313/author/alice-wu-%E5%90%B3%E6%81%A9%E9%81%94/","publishdate":"0001-01-01T00:00:00Z","relpermalink":"/author/alice-wu-%E5%90%B3%E6%81%A9%E9%81%94/","section":"authors","summary":"吳恩達 is a professor of artificial intelligence at the Stanford AI Lab. His research interests include distributed robotics, mobile computing and programmable matter. He leads the Robotic Neurobiology group, which develops self-reconfiguring robots, systems of self-organizing robots, and mobile sensor networks.\n","tags":null,"title":"Alice Wu 吳恩達","type":"authors"},{"authors":[],"categories":null,"content":"Slides can be added in a few ways:\nCreate slides using Wowchemy’s Slides feature and link using slides parameter in the front matter of the talk file Upload an existing slide deck to static/ and link using url_slides parameter in the front matter of the talk file Embed your slides (e.g. Google Slides) or presentation video on this page using shortcodes. Further event details, including page elements such as image galleries, can be added to the body of this page.\n","date":1906549200,"expirydate":-62135596800,"kind":"page","lang":"en","lastmod":1906549200,"objectID":"a8edef490afe42206247b6ac05657af0","permalink":"http://localhost:1313/event/example/","publishdate":"2017-01-01T00:00:00Z","relpermalink":"/event/example/","section":"event","summary":"An example event.","tags":[],"title":"Example Event","type":"event"},{"authors":null,"categories":null,"content":"","date":1666569600,"expirydate":-62135596800,"kind":"page","lang":"en","lastmod":1666569600,"objectID":"6d99026b9e19e4fa43d5aadf147c7176","permalink":"http://localhost:1313/contact/","publishdate":"2022-10-24T00:00:00Z","relpermalink":"/contact/","section":"","summary":"","tags":null,"title":"Contact","type":"landing"},{"authors":null,"categories":null,"content":"","date":1666569600,"expirydate":-62135596800,"kind":"page","lang":"en","lastmod":1666569600,"objectID":"c1d17ff2b20dca0ad6653a3161942b64","permalink":"http://localhost:1313/people/","publishdate":"2022-10-24T00:00:00Z","relpermalink":"/people/","section":"","summary":"","tags":null,"title":"People","type":"landing"},{"authors":null,"categories":null,"content":"","date":1666569600,"expirydate":-62135596800,"kind":"page","lang":"en","lastmod":1666569600,"objectID":"b0d61e5cbb7472bf320bf0ef2aaeb977","permalink":"http://localhost:1313/tour/","publishdate":"2022-10-24T00:00:00Z","relpermalink":"/tour/","section":"","summary":"","tags":null,"title":"Tour","type":"landing"},{"authors":null,"categories":null,"content":"Congratulations to Jian Yang and Monica Hall for winning the Best Paper Award at the 2020 Conference on Wowchemy for their paper “Learning Wowchemy”.\nLorem ipsum dolor sit amet, consectetur adipiscing elit. Integer tempus augue non tempor egestas. Proin nisl nunc, dignissim in accumsan dapibus, auctor ullamcorper neque. Quisque at elit felis. Vestibulum ante ipsum primis in faucibus orci luctus et ultrices posuere cubilia curae; Aenean eget elementum odio. Cras interdum eget risus sit amet aliquet. In volutpat, nisl ut fringilla dignissim, arcu nisl suscipit ante, at accumsan sapien nisl eu eros.\nSed eu dui nec ligula bibendum dapibus. Nullam imperdiet auctor tortor, vel cursus mauris malesuada non. Quisque ultrices euismod dapibus. Aenean sed gravida risus. Sed nisi tortor, vulputate nec quam non, placerat porta nisl. Nunc varius lobortis urna, condimentum facilisis ipsum molestie eu. Ut molestie eleifend ligula sed dignissim. Duis ut tellus turpis. Praesent tincidunt, nunc sed congue malesuada, mauris enim maximus massa, eget interdum turpis urna et ante. Morbi sem nisl, cursus quis mollis et, interdum luctus augue. Aliquam laoreet, leo et accumsan tincidunt, libero neque aliquet lectus, a ultricies lorem mi a orci.\nMauris dapibus sem vel magna convallis laoreet. Donec in venenatis urna, vitae sodales odio. Praesent tortor diam, varius non luctus nec, bibendum vel est. Quisque id sem enim. Maecenas at est leo. Vestibulum tristique pellentesque ex, blandit placerat nunc eleifend sit amet. Fusce eget lectus bibendum, accumsan mi quis, luctus sem. Etiam vitae nulla scelerisque, eleifend odio in, euismod quam. Etiam porta ullamcorper massa, vitae gravida turpis euismod quis. Mauris sodales sem ac ultrices viverra. In placerat ultrices sapien. Suspendisse eu arcu hendrerit, luctus tortor cursus, maximus dolor. Proin et velit et quam gravida dapibus. Donec blandit justo ut consequat tristique.\n","date":1606867200,"expirydate":-62135596800,"kind":"page","lang":"en","lastmod":1606867200,"objectID":"2a0ec8a990dbd78a00c4e15a09364b00","permalink":"http://localhost:1313/post/20-12-02-icml-best-paper/","publishdate":"2020-12-02T00:00:00Z","relpermalink":"/post/20-12-02-icml-best-paper/","section":"post","summary":"Congratulations to Jian Yang and Monica Hall for winning the Best Paper Award at the 2020 Conference on Wowchemy for their paper “Learning Wowchemy”.\n","tags":null,"title":"Jian Yang and Monica Hall Win the Best Paper Award at Wowchemy 2020","type":"post"},{"authors":null,"categories":null,"content":"Congratulations to Richard Hendricks for winning first place in the Wowchemy Prize.\nLorem ipsum dolor sit amet, consectetur adipiscing elit. Integer tempus augue non tempor egestas. Proin nisl nunc, dignissim in accumsan dapibus, auctor ullamcorper neque. Quisque at elit felis. Vestibulum ante ipsum primis in faucibus orci luctus et ultrices posuere cubilia curae; Aenean eget elementum odio. Cras interdum eget risus sit amet aliquet. In volutpat, nisl ut fringilla dignissim, arcu nisl suscipit ante, at accumsan sapien nisl eu eros.\nSed eu dui nec ligula bibendum dapibus. Nullam imperdiet auctor tortor, vel cursus mauris malesuada non. Quisque ultrices euismod dapibus. Aenean sed gravida risus. Sed nisi tortor, vulputate nec quam non, placerat porta nisl. Nunc varius lobortis urna, condimentum facilisis ipsum molestie eu. Ut molestie eleifend ligula sed dignissim. Duis ut tellus turpis. Praesent tincidunt, nunc sed congue malesuada, mauris enim maximus massa, eget interdum turpis urna et ante. Morbi sem nisl, cursus quis mollis et, interdum luctus augue. Aliquam laoreet, leo et accumsan tincidunt, libero neque aliquet lectus, a ultricies lorem mi a orci.\nMauris dapibus sem vel magna convallis laoreet. Donec in venenatis urna, vitae sodales odio. Praesent tortor diam, varius non luctus nec, bibendum vel est. Quisque id sem enim. Maecenas at est leo. Vestibulum tristique pellentesque ex, blandit placerat nunc eleifend sit amet. Fusce eget lectus bibendum, accumsan mi quis, luctus sem. Etiam vitae nulla scelerisque, eleifend odio in, euismod quam. Etiam porta ullamcorper massa, vitae gravida turpis euismod quis. Mauris sodales sem ac ultrices viverra. In placerat ultrices sapien. Suspendisse eu arcu hendrerit, luctus tortor cursus, maximus dolor. Proin et velit et quam gravida dapibus. Donec blandit justo ut consequat tristique.\n","date":1606780800,"expirydate":-62135596800,"kind":"page","lang":"en","lastmod":1606780800,"objectID":"be2bd15f022f0d83fe9ffd743881e70c","permalink":"http://localhost:1313/post/20-12-01-wowchemy-prize/","publishdate":"2020-12-01T00:00:00Z","relpermalink":"/post/20-12-01-wowchemy-prize/","section":"post","summary":"Congratulations to Richard Hendricks for winning first place in the Wowchemy Prize.\n","tags":null,"title":"Richard Hendricks Wins First Place in the Wowchemy Prize","type":"post"},{"authors":["Nelson Bighetti"],"categories":null,"content":" Create your slides in Markdown - click the Slides button to check out the example. Add the publication’s full text or supplementary notes here. You can use rich formatting such as including code, math, and images.\n","date":1554595200,"expirydate":-62135596800,"kind":"page","lang":"en","lastmod":1554595200,"objectID":"557dc08fd4b672a0c08e0a8cf0c9ff7d","permalink":"http://localhost:1313/publication/preprint/","publishdate":"2017-01-01T00:00:00Z","relpermalink":"/publication/preprint/","section":"publication","summary":"Lorem ipsum dolor sit amet, consectetur adipiscing elit. Duis posuere tellus ac convallis placerat. Proin tincidunt magna sed ex sollicitudin condimentum.","tags":["Source Themes"],"title":"An example preprint / working paper","type":"publication"},{"authors":["Nelson Bighetti","Robert Ford"],"categories":null,"content":" Click the Cite button above to demo the feature to enable visitors to import publication metadata into their reference management software. Create your slides in Markdown - click the Slides button to check out the example. Add the publication’s full text or supplementary notes here. You can use rich formatting such as including code, math, and images.\n","date":1441065600,"expirydate":-62135596800,"kind":"page","lang":"en","lastmod":1441065600,"objectID":"966884cc0d8ac9e31fab966c4534e973","permalink":"http://localhost:1313/publication/journal-article/","publishdate":"2017-01-01T00:00:00Z","relpermalink":"/publication/journal-article/","section":"publication","summary":"Lorem ipsum dolor sit amet, consectetur adipiscing elit. Duis posuere tellus ac convallis placerat. Proin tincidunt magna sed ex sollicitudin condimentum.","tags":["Source Themes"],"title":"An example journal article","type":"publication"},{"authors":["Nelson Bighetti","Robert Ford"],"categories":null,"content":" Click the Cite button above to demo the feature to enable visitors to import publication metadata into their reference management software. Create your slides in Markdown - click the Slides button to check out the example. Add the publication’s full text or supplementary notes here. You can use rich formatting such as including code, math, and images.\n","date":1372636800,"expirydate":-62135596800,"kind":"page","lang":"en","lastmod":1372636800,"objectID":"69425fb10d4db090cfbd46854715582c","permalink":"http://localhost:1313/publication/conference-paper/","publishdate":"2017-01-01T00:00:00Z","relpermalink":"/publication/conference-paper/","section":"publication","summary":"Lorem ipsum dolor sit amet, consectetur adipiscing elit. Duis posuere tellus ac convallis placerat. Proin tincidunt magna sed ex sollicitudin condimentum.","tags":[],"title":"Personalized Sleep Prediction via Deep Adaptive Spatiotemporal Modeling and sparse data","type":"publication"}]