<?xml version="1.0" encoding="utf-8" standalone="yes" ?>
<rss version="2.0" xmlns:atom="http://www.w3.org/2005/Atom">
  <channel>
    <title>Recent &amp; Upcoming Events | MedTech-RUG</title>
    <link>http://localhost:1313/event/</link>
      <atom:link href="http://localhost:1313/event/index.xml" rel="self" type="application/rss+xml" />
    <description>Recent &amp; Upcoming Events</description>
    <generator>Hugo Blox Builder (https://hugoblox.com)</generator><language>en-us</language><lastBuildDate>Sat, 01 Jun 2030 13:00:00 +0000</lastBuildDate>
    <image>
      <url>http://localhost:1313/media/icon_hu_7613a4a452ac7087.png</url>
      <title>Recent &amp; Upcoming Events</title>
      <link>http://localhost:1313/event/</link>
    </image>
    
    <item>
      <title>Example Event</title>
      <link>http://localhost:1313/event/example/</link>
      <pubDate>Sat, 01 Jun 2030 13:00:00 +0000</pubDate>
      <guid>http://localhost:1313/event/example/</guid>
      <description>&lt;p&gt;Slides can be added in a few ways:&lt;/p&gt;
&lt;ul&gt;
&lt;li&gt;&lt;strong&gt;Create&lt;/strong&gt; slides using Wowchemy&amp;rsquo;s &lt;a href=&#34;https://docs.hugoblox.com/managing-content/#create-slides&#34; target=&#34;_blank&#34; rel=&#34;noopener&#34;&gt;&lt;em&gt;Slides&lt;/em&gt;&lt;/a&gt; feature and link using &lt;code&gt;slides&lt;/code&gt; parameter in the front matter of the talk file&lt;/li&gt;
&lt;li&gt;&lt;strong&gt;Upload&lt;/strong&gt; an existing slide deck to &lt;code&gt;static/&lt;/code&gt; and link using &lt;code&gt;url_slides&lt;/code&gt; parameter in the front matter of the talk file&lt;/li&gt;
&lt;li&gt;&lt;strong&gt;Embed&lt;/strong&gt; your slides (e.g. Google Slides) or presentation video on this page using &lt;a href=&#34;https://docs.hugoblox.com/writing-markdown-latex/&#34; target=&#34;_blank&#34; rel=&#34;noopener&#34;&gt;shortcodes&lt;/a&gt;.&lt;/li&gt;
&lt;/ul&gt;
&lt;p&gt;Further event details, including page elements such as image galleries, can be added to the body of this page.&lt;/p&gt;
</description>
    </item>
    
  </channel>
</rss>
