<?xml version="1.0" encoding="utf-8" standalone="yes" ?>
<rss version="2.0" xmlns:atom="http://www.w3.org/2005/Atom">
  <channel>
    <title>Categories | MedTech-RUG</title>
    <link>http://localhost:1313/categories/</link>
      <atom:link href="http://localhost:1313/categories/index.xml" rel="self" type="application/rss+xml" />
    <description>Categories</description>
    <generator>Hugo Blox Builder (https://hugoblox.com)</generator><language>en-us</language>
    <image>
      <url>http://localhost:1313/media/icon_hu_7613a4a452ac7087.png</url>
      <title>Categories</title>
      <link>http://localhost:1313/categories/</link>
    </image>
    
  </channel>
</rss>
